Bridge_ID,Avg_Delay_Time
1000002,122.94407946809929
1000004,0.0
1000008,324.4938187140683
1000010,0.0
1000015,0.0
1000017,0.0
1000021,202.9104917226376
1000023,0.0
